A&E,1
Adventure,1
Arts,1
Arts & Culture,1
Arts & Entertainment,1
Arts And Culture,1
Arts And Entertainment,1
At Home,1
Auto,1
Auto,1
Auto Reviews,1
Best of,1
Biology,1
Blog,1
Blogs,1
Books,1
Business,1
Business Schools,1
Calendar,1
Capital,1
Chemistry,1
City & Region,1
City And Region,1
Columnists,1
Comedy,1
Commentary,1
Communities,1
Community,1
Community Calendar,1
Companies & Industries,1
Companies and Industries,1
Contests,1
Contests/Promotions,1
Country Morning,1
Culture,1
Culture,1
Deaths,1
Design,1
Earth,1
EatPlayLive,1
Eats,1
Education,1
Elections,1
Energy/Environment,1
Entertainment,1
Entertainment/Life,1
Events,1
Family Matters,1
Fashion,1
Fashion & Style,1
Fashion And Style,1
Features,1
Film,1
Food & Drink,1
Food & Fun,1
Food And Drink,1
Food And Fun,1
Food+Drink,1
Future,1
Global Economics,1
Gusto,1
Health,1
Healthwise,1
Healthy Living,1
Home,1
Innovation,1
Innovation & Design,1
Innovation And Design,1
Investigations,1
Investigative,1
Issues,1
Justice,1
Life,1
Life & Arts,1
Life & Culture,1
Life And Arts,1
Lifestyle,1
Lifestyles,1
Living,1
Local,1
Local News,1
Market Data,1
Marketplace,1
Markets,1
Markets & Finance,1
Markets And Finance,1
Media,1
Money,1
Morning,1
Movies,1
MultiMedia,1
Music,1
Nation Now,1
Neighborhoods,1
News,1
News Headlines,1
News+Features,1
Obits,1
Obituaries,1
On-Air,1
Opinion,1
Opinions,1
Our Towns,1
Outdoors,1
Perspectives,1
Photo,1
Photos,1
Photos/Video,1
Physics,1
Places,1
Politics,1
Politics & Policy,1
Politics and Policy,1
Promotions,1
Real Estate,1
Religion,1
Restaurants,1
Scene,1
Science,1
Screen,1
Society,1
Space,1
Special Reports,1
Sports,1
Stage,1
State,1
Style,1
Sunrise,1
T.V.,1
Tech,1
Tech/Biz,1
Technology,1
Things To Do,1
Today,1
Traffic,1
Travel,1
Trends,1
TV,1
TV & Video,1
TV And Video,1
U.S.,1
U.S./World,1
U.S.A,1
USA,1
Video,1
Video & Multimedia,1
Video and Multimedia,1
Video/Pics,1
Views,1
Voices,1
Weather,1
Weekend,1
Weird,1
World,1
Worldpost,1
