www.tv24.tv,WEAC,Anniston
www.abc3340.com,WCFT,Tuscaloosa
www.wabm68.com,WABM,Birmingham
www.aptv.org,WAIQ,Montgomery
www.myfoxal.com,WBRC,Birmingham
www.cbs42.com,WIAT,Birmingham
www.wtto21.com,WTTO,Birmingham
www.alabamas13.com,WVTM,Birmingham
dothanfirst.com,WDHN,Dothan
www.wtvy.com,WTVY,Dothan
www.waaytv.com,WAAY,Huntsville
www.waff.com,WAFF,Huntsville
whnt.com,WHNT,Huntsville
www.fox54.com,WZDX,Huntsville
www.wkrg.com,WKRG,Mobile
www.local15tv.com,WPMI,Pensacola
www.waka.com,WAKA,Selma
www.wcov.com,WCOV,Montgomery
www.wsfa.com,WSFA,Montgomery
www.alaskapublic.org,KAKM,Anchorage
www.youralaskalink.com,KJUD,Juneau
www.ktuu.com,KTUU,Anchorage
www.ktva.com,KTVA,Anchorage
www.kyes.com,KYES,Anchorage
www.tvtv.com,KFXF,Fairbanks
kuac.org,KUAC,Fairbanks
www.ktoo.org,KTOO,Juneau
www.cbssoutheastak.com,KTNL,Sitka
www.azpbs.org,KAET,Phoenix
www.azfamily.com,KTVK,Phoenix
www.abc15.com,KNXV,Phoenix
www.kpho.com,KPHO,Phoenix
www.azcentral.com,KPNX,Phoenix
www.myfoxphoenix.com,KSAZ,Phoenix
www.my45.com,KUTP,Phoenix
www.kgun9.com,KGUN,Tucson
www.tucsonnewsnow.com,KOLD,Tucson
www.azpm.org,KUAT,Tucson
www.kvoa.com,KVOA,Tucson
www.kyma.com,KYMA,Yuma
www.aetn.org,KTEJ,Jonesboro
www.kait8.com,KAIT,Jonesboro
www.4029tv.com,KHOG,Rogers
www.kerngoldenempire.com,KGET,Bakersfield
www.ktsf.com,KTSF,Brisbane
www.krcrtv.com,KRCR,Redding
www.actionnewsnow.com,KNVN,Chico
krcb.org,KRCB,Cotati
www.keet.org,KEET,Eureka
kiem-tv.com,KIEM,Eureka
abclocal.go.com,KTRK,Houston
www.yourcentralvalley.com,KSEE,Fresno
www.telemundo52.com,KVEA,Glendale
www.kgem.tv,KGEM,Monrovia
www.ktvu.com,KTVU,Oakland
www.kgectv.com,KGEC,Redding
www.kixe.org,KIXE,Redding
www.kcra.com,KCRA,Sacramento
sacramento.cbslocal.com,KOVR,Stockton
fox40.com,KTXL,Sacramento
www.kvie.org,KVIE,Sacramento
www.news10.net,KXTV,Sacramento
www.ksbw.com,KSBW,Salinas
www.cpt12.org,KBDI,Denver
denver.cbslocal.com,KCNC,Denver
kdvr.com,KDVR,Denver
www.thedenverchannel.com,KMGH,Denver
rmpbs.org,KRMA,Denver
www.daystar.com,KDTN,Denton
www.9news.com,KUSA,Denver
kwgn.com,KWGN,Denver
www.koaa.com,KOAA,Pueblo
www.wfsb.com,WFSB,Hartford
foxct.com,WTIC,Hartford
www.news12.com,News12,Norwalk
www.cpbn.org,WEDN,Norwich
www.wboc.com,WBOC,Dover
www.wmdt.com,WMDT,Salisbury
www.whyy.org,WHYY,Philadelphia
www.my20dc.com,WDCA,Washington
dc50tv.com,WDCW,Washington
www.weta.org,WETA,Washington
www.wjla.com,WJLA,Washington
www.nbcwashington.com,WRC,Washington
www.wusa9.com,WUSA,Washington
www.cw18tv.com,WKCF,Clermont
www.easternflorida.edu,WEFS,Cocoa
www.wcjb.com,WCJB,Gainesville
www.mygtn.tv,WGFL,Gainesville
www.wuft.org,WUFT,Gainesville
www.fox30jax.com,WAWS,Jacksonville
yourjax.com,WCWJ,Jacksonville
www.wjct.org,WJCT,Jacksonville
www.news4jax.com,WJXT,Jacksonville
www.firstcoastnews.com,WTLV,Jacksonville
miami.cbslocal.com,WFOR,Miami
wlrn.org,WLRN,Miami
www.wpbt2.org,WPBT,Miami
www.local10.com,WPLG,Miami
www.wsvn.com,WSVN,Miami
www.nbcmiami.com,WTVJ,Miami
www.abc-7.com,WZVN,Naples
www.wogx.com,WOGX,Ocala
www.wacxtv.com,WACX,Orlando
www.wesh.com,WESH,Orlando
www.wftv.com,WFTV,Orlando
www.clickorlando.com,WKMG,Orlando
www.myfoxorlando.com,WOFL,Orlando
www.tv45.org,WTGL,Orlando
www.wucftv.org,WUCF,Orlando
www.wbqp.com,WBQP,Pensacola
www.weartv.com,WEAR,Pensacola
www.wctv.tv,WCTV,Tallahassee
www.wfsu.org,WFSU,Tallahassee
www.myfoxtallahassee.com,WTLH,Tallahassee
www.wtxl.com,WTXL,Tallahassee
www.baynews9.com,BayNews9,Tampa
www.wedu.org,WEDU,Tampa
www.wfla.com,WFLA,Tampa
www.abcactionnews.com,WFTS,Tampa
www.mor-tv.com,WMOR,Tampa
www.myfoxtampabay.com,WTVT,Tampa
www.wusf.usf.edu,WUSF,Tampa
www.walb.com,WALB,Albany
www.mysouthwestga.com,WFXL,Albany
www.gpb.org,WCES,Wrens
www.myfoxatlanta.com,WAGA,Atlanta
www.myatltv.com,WATL,Atlanta
www.cbsatlanta.com,WGCL,Atlanta
www.pba.org,WPBA,Atlanta
www.peachtreetv.com,WPCH,Atlanta
www.wsbtv.com,WSB,Atlanta
cwatlanta.cbslocal.com,WUPA,Atlanta
www.11alive.com,WXIA,Atlanta
www.nbc26.tv,WAGT,Augusta
www.wfxg.com,WFXG,Augusta
www.wjbf.com,WJBF,Augusta
www.wrdw.com,WRDW,Augusta
www.wrbl.com,WRBL,Columbus
www.wtvm.com,WTVM,Columbus
www.wgxa.tv,WGXA,Macon
www.13wmaz.com,WMAZ,Macon
www.41nbc.com,WMGT,Macon
www.macon.tv,WPGA,Macon
wjcl.com,WJCL,Savannah
www.wsav.com,WSAV,Savannah
www.wtoc.com,WTOC,Savannah
www.hawaiinewsnow.com,KHNL,Honolulu
www.kbfd.com,KBFD,Honolulu
khon2.com,KHON,Honolulu
kikutv.com,KIKU,Honolulu
www.kitv.com,KITV,Honolulu
www.idahoptv.org,KISU,Pocatello
www.kboi2.com,KBOI,Boise
www.kivitv.com,KIVI,Boise
12ktrv.com,KTRV,Boise
www.ktvb.com,KTVB,Boise
www.klewtv.com,KLEW,Lewiston
www.kpvi.com,KPVI,Pocatello
www.wsiu.org,WSIU,Olney
www.wsiltv.com,WSIL,Carterville
www.illinoishomepage.net,WCIA,Champaign
www.weiu.net,WEIU,Charleston
chicago.cbslocal.com,WBBM,Chicago
www.myfoxchicago.com,WFLD,Chicago
wgntv.com,WGN,Chicago
www.nbcchicago.com,WMAQ,Chicago
www.wttw.com,WTTW,Chicago
www.wycc.org,WYCC,Chicago
www.wandtv.com,WAND,Decatur
www.wifr.com,WIFR,Freeport
wqad.com,WQAD,Moline
www.wqpt.org,WQPT,Moline
www.cinewsnow.com,WHOI,Peoria
www.centralillinoisproud.com,WMBD,Peoria
www.wtvp.org,WTVP,Peoria
www.connecttristates.com,KHQA,Hannibal
www.wgem.com,WGEM,Quincy
www.mystateline.com,WTVO,Rockford
www.wrex.com,WREX,Rockford
www.wics.com,WICS,Springfield
www.foxillinois.com,WCCU,Urbana
www.will.illinois.edu,WILL,Urbana
indianapublicmedia.org,WTIU,Bloomington
www.fox28.com,WSJV,Elkhart
www.tristatehomepage.com,WTVW,Evansville
www.wevv.com,WEVV,Evansville
www.14news.com,WFIE,Evansville
www.wnin.org,WNIN,Evansville
www.wfyi.org,WFYI,Indianapolis
wishtv.com,WISH,Indianapolis
www.theindychannel.com,WRTV,Indianapolis
www.wthr.com,WTHR,Indianapolis
fox59.com,WXIN,Indianapolis
wlfi.com,WLFI,Lafayette
www.lakeshoreptv.com,WYIN,Merrillville
www.kljb.com,KLJB,Davenport
www.kwqc.com,KWQC,Davenport
www.iptv.org,KRIN,Waterloo
www.kwwl.com,KWWL,Waterloo
www.kpts.org,KPTS,Hutchinson
www.kwch.com,KWCH,Wichita
www.shptv.org,KSWK,Lakin
www.kshb.com,KMCI,Lawrence
ksn.com,KSNW,Wichita
www.koamtv.com,KOAM,Pittsburg
kansasfirstnews.com,KTKA,Topeka
www.ktwu.org,KTWU,Topeka
www.wibw.com,WIBW,Topeka
www.kake.com,KAKE,Wichita
kctu.com,KCTU,Wichita
www.foxkansas.com,KSAS,Wichita
www.mytvwichita.com,KSCC,Wichita
www.ksmi30.com,KSMI,Wichita
www.ket.org,WKSO,Somerset
www.wkyt.com,WKYT,Lexington
www.foxlexington.com,WDKY,Lexington
www.lex18.com,WLEX,Lexington
www.wtvq.com,WTVQ,Lexington
www.wobz9.com,WOBZ,London
www.wave3.com,WAVE,Louisville
www.wdrb.com,WDRB,Louisville
www.whas11.com,WHAS,Louisville
www.wlky.com,WLKY,Louisville
www.wpsdlocal6.com,WPSD,Paducah
www.kalb.com,KALB,Alexandria
klax-tv.com,KLAX,Alexandria
www.lpb.org,KLTS,Shreveport
www.fox48tv.com,WNTZ,Natchez
www.kadn.com,KADN,Lafayette
www.katc.com,KATC,Lafayette
www.klfy.com,KLFY,Lafayette
en.wikipedia.org,KLTM,Monroe
www.knoe.com,KNOE,Monroe
www.myarklamiss.com,KTVE,Monroe
www.kmsstv.com,KMSS,Shreveport
www.ktbs.com,KTBS,Shreveport
www.ksla.com,KSLA,Shreveport
www.arklatexhomepage.com,KTAL,Shreveport
www.mpbn.net,WMEB,Orono
www.wabi.tv,WABI,Bangor
www.wlbz2.com,WLBZ,Bangor
www.foxbangor.com,WVII,Bangor
www.wgme.com,WGME,Portland
www.wmtw.com,WMTW,Portland
www.wbaltv.com,WBAL,Baltimore
www.foxbaltimore.com,WBFF,Baltimore
baltimore.cbslocal.com,WJZ,Baltimore
www.abc2news.com,WMAR,Baltimore
www.mpt.org,WCPB,Salisbury
www.my24wutb.com,WUTB,Baltimore
www.your4state.com,WHAG,Hagerstown
www.wjal.com,WJAL,Chambersburg
www.necn.com,NECN,Boston
boston.cbslocal.com,WSBK,Boston
www.wcvb.com,WCVB,Boston
www.myfoxboston.com,WFXT,Boston
www.wgbh.org,WGBH,Boston
www1.whdh.com,WHDH,Boston
www.wunitv.com,WUNI,Boston
www.newtv.org,NewTV,Newton
www.qatv.org,QATV,Quincy
www.wgby.org,WGBY,Springfield
www.wggb.com,WGGB,Springfield
www.wwlp.com,WWLP,Springfield
www.wbkb11.com,WBKB,Alpena
www.wcmu.org,WCMU,Alpena
www.9and10news.com,WWTV,Cadillac
www.upcw5.com,WBKP,Calumet
www.clickondetroit.com,WDIV,Detroit
cwdetroit.cbslocal.com,WKBD,Detroit
www.tv20detroit.com,WMYD,Detroit
www.dptv.org,WTVS,Detroit
detroit.cbslocal.com,WWJ,Detroit
www.wxyz.com,WXYZ,Detroit
www.minbcnews.com,WEYI,Flint
www.abc12.com,WJRT,Flint
www.wgvu.org,WGVK,Kalamazoo
www.wwmt.com,WWMT,Kalamazoo
www.wilx.com,WILX,Lansing
www.wlns.com,WLNS,Lansing
www.uppermichiganssource.com,WLUC,Negaunee
www.myfoxdetroit.com,WJBK,Southfield
minnesota.cbslocal.com,WCCO,Minneapolis
kstp.com,KSTP,Alexandria
www.pioneer.org,KSMN,Worthington
www.kaaltv.com,KAAL,Austin
www.ksmq.org,KSMQ,Austin
www.northlandsnewscenter.com,KBJR,Superior
www.wdse.org,WDSE,Duluth
www.keyc.com,KEYC,Mankato
www.kare11.com,KARE,Minneapolis
www.myfoxtwincities.com,KMSP,Minneapolis
www.my29tv.com,WFTC,Minneapolis
www.kttc.com,KTTC,Rochester
www.myfox47.com,KXLT,Rochester
www.wlox.com,WLOX,Biloxi
www.wxxv25.com,WXXV,Gulfport
www.wcbi.com,WCBI,Columbus
www.wxvt.com,WXVT,Greenville
www.wabg.com,WABG,Greenwood
www.wdam.com,WDAM,Laurel
www.whlt.com,WHLT,Hattiesburg
www.mpbonline.org,MPB,Jackson
www.wapt.com,WAPT,Jackson
www.msnewsnow.com,WLBT,Jackson
www.wjtv.com,WJTV,Jackson
wgbctv.com,WGBC,Meridian
www.wtok.com,WTOK,Meridian
www.wtva.com,WTVA,Tupelo
www.abc17news.com,KMIZ,Columbia
www.komu.com,KOMU,Columbia
www.fourstateshomepage.com,KSNF,Joplin
www.heartlandconnection.com,KTVO,Kirksville
www.ozarksfirst.com,KOZL,Springfield
www.kspr.com,KSPR,Springfield
www.ky3.com,KYTV,Springfield
www.kmos.org,KMOS,Warrensburg
www.ktvq.com,KTVQ,Billings
www.kulr8.com,KULR,Billings
www.kbzk.com,KBZK,Bozeman
www.nbcmontana.com,KECI,Missoula
www.abcfoxmontana.com,KTMF,Missoula
www.kxlf.com,KXLF,Butte
www.kpax.com,KPAX,Missoula
www.khastv.com,KHAS,Hastings
www.netnebraska.org,KUON,Lincoln
www.nebraska.tv,KHGI,Kearney
www.1011now.com,KOLN,Lincoln
www.klkntv.com,KLKN,Lincoln
www.ksn.com,KSNK,McCook
www.ketv.com,KETV,Omaha
www.kmtv.com,KMTV,Omaha
www.kptm.com,KPTM,Omaha
www.wowt.com,WOWT,Omaha
www.kotanow.com,KOTA,Scottsbluff
www.fox5vegas.com,KVVU,Henderson
www.knpb.org,KNPB,Reno
www.kolotv.com,KOLO,Reno
www.mynews4.com,KRNV,Reno
www.ktvn.com,KTVN,Reno
www.wbintv.com,WBIN,Derry
www.nhptv.org,WLED,Littleton
www.manchestertv.org,TV-23,Manchester
www.wmur.com,WMUR,Manchester
www.njtvonline.org,WNJT,Trenton
www.wnet.org,WNET,Newark
www.my9nj.com,WWOR,Secaucus
www.my50.tv,KASY,Albuquerque
www.newmexicopbs.org,KNME,Albuquerque
www.koat.com,KOAT,Albuquerque
www.kob.com,KOBR,Roswell
www.krqe.com,KBIM,Roswell
www.kasa.com,KASA,Carlsbad
www.connectamarillo.com,KVII,Amarillo
kenw.org,KENW,Portales
wnyt.com,WNYT,Albany
www.news10.com,WTEN,Albany
www.wbng.com,WBNG,Binghamton
www.mytwintiers.com,WETM,Elmira
www.wicz.com,WICZ,Binghamton
www.wskg.org,WSKG,Binghamton
www.wbbz.tv,WBBZ,Buffalo
www.wivb.com,WIVB,Buffalo
www.wkbw.com,WKBW,Buffalo
www.wned.org,WNED,Buffalo
www.wutv29.com,WUTV,Buffalo
www.wwnytv.com,WWNY,Carthage
www.weny.com,WENY,Elmira
www.rnntv.com,WRNN,Kingston
newyork.cbslocal.com,WLNY,Melville
www.wpbstv.org,WNPI,Norwood
www.wliw.org,WLIW,Plainview
mountainlake.org,WCFE,Plattsburgh
www.wptz.com,WPTZ,Plattsburgh
www.whec.com,WHEC,Rochester
www.rochesterhomepage.net,WROC,Rochester
interactive.wxxi.org,WXXI,Rochester
www.wmht.org,WMHT,Schenectady
www.cbs6albany.com,WRGB,Schenectady
www.wcny.org,WCNY,Syracuse
www.9wsyr.com,WSYR,Syracuse
www.cnycentral.com,WTVH,Syracuse
www.wktv.com,WKTV,Utica
www.foxcarolina.com,WHNS,Greenville
www.wlos.com,WLOS,Asheville
www.unctv.org,WUNJ,Wilmington
www.myfoxcarolinas.com,WJZY,Belmont
charlotte.news14.com,News14,Charlotte
www.wsoctv.com,WSOC,Charlotte
www.wbtv.com,WBTV,Charlotte
www.wccbcharlotte.com,WCCB,Charlotte
www.wcnc.com,WCNC,Charlotte
www.wtvi.org,WTVI,Charlotte
www.wncn.com,WNCN,Raleigh
www.digtriad.com,WFMY,Greensboro
www.wcti12.com,WFXI,Greenville
www.witn.com,WITN,Washington
www.wnct.com,WNCT,Greenville
www.whky.com,WHKY,Hickory
www.wral.com,WRAL,Raleigh
www.fox50.com,WRAZ,Raleigh
www.myrdctv.com,WRDC,Raleigh
www.wect.com,WECT,Wilmington
www.wilm-tv.com,WILM,Wilmington
www.foxwilmington.com,WSFX,Wilmington
www.wwaytv3.com,WWAY,Wilmington
www.kfyrtv.com,KFYR,Bismarck
www.kxnet.com,KXMC,Williston
www.valleynewslive.com,KXJB,Fargo
www.wday.com,WDAY,Fargo
www.kmot.com,KMOT,Minot
www.wbnx.com,WBNX,Cleveland
woub.org,WOUC,Cambridge
www.tbn.org,WDLI,Canton
www.wivmtv.com,WIVM,Canton
www.cwcolumbus.com,WWHO,Columbus
www.cetconnect.org,WCET,Cincinnati
www.wcpo.com,WCPO,Cincinnati
www.local12.com,WKRC,Cincinnati
www.wlwt.com,WLWT,Cincinnati
www.star64.tv,WSTR,Cincinnati
www.fox19.com,WXIX,Cincinnati
www.newsnet5.com,WEWS,Cleveland
fox8.com,WJW,Cleveland
www.wkyc.com,WKYC,Cleveland
www.19actionnews.com,WOIO,Cleveland
43theblock.com,WUAB,Cleveland
www.wviz.org,WVIZ,Cleveland
www.10tv.com,WBNS,Columbus
www.nbc4i.com,WCMH,Columbus
wosu.org,WOSU,Columbus
www.abc6onyourside.com,WSYX,Columbus
www.myfox28columbus.com,WTTE,Columbus
www.daytonscw.com,WBDT,Dayton
www.wdtn.com,WDTN,Dayton
www.whiotv.com,WHIO,Dayton
www.abc22now.com,WKEF,Dayton
www.thinktv.org,WPTO,Oxford
www.wrcxtv40.com,WRCX,Dayton
www.fox45now.com,WRGT,Dayton
www.coacb.org,WOCB,Marion
www.hometownstations.com,WLIO,Lima
wtlw.com,WTLW,Lima
www.wmfd.com,WMFD,Mansfield
marionohio.tv,WMNO,Marion
www.lbgtv.com,WQCW,Portsmouth
www.wtov9.com,WTOV,Steubenville
www.wgte.org,WGTE,Toledo
www.wlmb.com,WLMB,Toledo
wmnttv.com,WMNT,Toledo
www.northwestohio.com,WNWO,Toledo
www.toledo5.com,WT05,Toledo
www.toledonewsnow.com,WUPW,Toledo
www.13abc.com,WTVG,Toledo
www.wfmj.com,WFMJ,Youngstown
www.wkbn.com,WYTV,Youngstown
www.whiznews.com,WHIZ,Zanesville
www.kten.com,KTEN,Denison
www.kswo.com,KSWO,Lawton
www.kjrh.com,KJRH,Tulsa
www.fox23.com,KOKI,Tulsa
www.newson6.com,KOTV,Tulsa
www.ktul.com,KTUL,Tulsa
www.kwhb.com,KWHB,Tulsa
www.oeta.onenet.net,OETA,Tulsa
www.tvctv.org,TVCTV,Beaverton
www.opb.org,KOPB,Portland
www.ktvz.com,KTVZ,Bend
www.kezi.com,KEZI,Eugene
www.kmtr.com,KMTR,Eugene
www.kval.com,KVAL,Eugene
www.kdrv.com,KDRV,Medford
www.soptv.org,KFTS,Medford
www.kobi5.com,KOBI,Medford
www.ktvl.com,KTVL,Medford
www.katu.com,KATU,Portland
www.kgw.com,KGW,Portland
www.koin.com,KOIN,Portland
www.kptv.com,KPTV,Portland
www.kpic.com,KPIC,Roseburg
www.kwvtsalem.com,KWVT,Salem
www.wfmz.com,WFMZ,Allentown
www.wearecentralpa.com,WTAJ,Altoona
www.erietvnews.com,WICU,Erie
www.wqln.org,WQLN,Erie
www.local21news.com,WHP,Harrisburg
www.abc27.com,WHTM,Harrisburg
www.witf.org,WITF,Harrisburg
www.cw15.com,WLYH,Harrisburg
www.wjactv.com,WJAC,Johnstown
fox8tv.com,WWCP,Johnstown
www.wgal.com,WGAL,Lancaster
philadelphia.cbslocal.com,KYW,Philadelphia
www.nbcphiladelphia.com,WCAU,Philadelphia
phl17.com,WPHL,Philadelphia
cwphilly.cbslocal.com,WPSG,Philadelphia
www.myfoxphilly.com,WTXF,Philadelphia
pittsburgh.cbslocal.com,KDKA,Pittsburgh
www.wbgn.com,WBGN,Pittsburgh
www.wpxi.com,WPXI,Pittsburgh
www.wqed.org,WQED,Pittsburgh
www.wtae.com,WTAE,Pittsburgh
wnep.com,WNEP,Scranton
www.wvia.org,WVIA,Scranton
pahomepage.com,WYOU,Scranton
fox43.com,WPMT,York
www.turnto10.com,WJAR,Cranston
www.abc6.com,WLNE,Providence
www.wpri.com,WPRI,Providence
www.scetv.org,WRJA,Sumter
www.abcnews4.com,WCIV,Charleston
www.live5news.com,WCSC,Charleston
www.mytvcharleston.com,WMMP,Charleston
www.foxcharleston.com,WTAT,Charleston
www.wach.com,WACH,Columbia
www.wistv.com,WIS,Columbia
www.wltx.com,WLTX,Columbia
www.abccolumbia.com,WOLO,Columbia
www.wyff4.com,WYFF,Greenville
www.wspa.com,WSPA,Spartanburg
www.kdlt.com,KDLT,Mitchell
www.sdpb.org,KUSD,Vermillion
www.wdef.com,WDEF,Chattanooga
www.wrcbtv.com,WRCB,Chattanooga
www.wtcitv.org,WTCI,Chattanooga
www.newschannel9.com,WTVC,Chattanooga
www.wcte.org,WCTE,Cookeville
www.wbbjtv.com,WBBJ,Jackson
www.wljt.org,WLJT,Jackson
www.abc19.tv,WKPT,Kingsport
www.wate.com,WATE,Knoxville
www.wbir.com,WBIR,Knoxville
www.easttennesseepbs.org,WSJK,Sneedville
www.wtnzfox43.com,WTNZ,Knoxville
www.local8now.com,WVLT,Knoxville
www.waxo.com,WAXO,Lewisburg
www.myfoxmemphis.com,WHBQ,Memphis
www.wkno.org,WKNO,Memphis
www.localmemphis.com,WPTY,Memphis
www.wmctv.com,WMC,Memphis
wreg.com,WREG,Memphis
www.wkrn.com,WKRN,Nashville
www.wsmv.com,WSMV,Nashville
www.newschannel5.com,WTVF,Nashville
www.mytv30web.com,WUXP,Nashville
www.fox17.com,WZTV,Nashville
bigcountryhomepage.com,KTAB,Abilene
www.ktxs.com,KTXS,Abilene
www.panhandlepbs.org,KACV,Amarillo
www.myhighplains.com,KAMR,Amarillo
www.newschannel10.com,KFDA,Amarillo
www.keyetv.com,KEYE,Austin
www.klru.org,KLRU,Austin
www.thecwaustin.com,KNVA,Austin
www.myfoxaustin.com,KTBC,Austin
www.kvue.com,KVUE,Austin
www.kxan.com,KXAN,Llano
austin.ynn.com,YNN,Austin
www.kfdm.com,KFDM,Beaumont
www.kbtx.com,KBTX,Bryan
nightcaptv.com,KDAF,Dallas
www.myfoxdfw.com,KDFW,Dallas
www.kera.org,KERA,Dallas
dfw.cbslocal.com,KTXA,Dallas
www.nbcdfw.com,KXAS,Dallas
www.telemundodallas.com,KXTX,Dallas
www.wfaa.com,WFAA,Dallas
www.kxii.com,KXII,Sherman
www.valleycentral.com,KGBT,Harlingen
www.kmbh.org,KMBH,Harlingen
www.khou.com,KHOU,Houston
www.click2houston.com,KPRC,Houston
www.my20houston.com,KTXH,Houston
www.houstonpbs.org,KUHT,Houston
www.knct.org,KNCT,Killeen
www.pro8news.com,KGNS,Laredo
www.mylaredofox.com,KXOF,Laredo
www.fox51.com,KFXK,Longview
www.kcbd.com,KCBD,Lubbock
www.everythinglubbock.com,KLBK,Lubbock
kttz.org,KTTZ,Lubbock
www.ktre.com,KTRE,Lufkin
permianbasin360.com,KMID,Midland
www.foxwesttexas.com,KPEJ,Midland
www.cbs7.com,KOSA,Odessa
www.newswest9.com,KWES,Odessa
www.kcentv.com,KCEN,Temple
www.ketknbc.com,KETK,Tyler
www.kltv.com,KLTV,Tyler
www.cbs19.tv,KYTX,Tyler
www.crossroadstoday.com,KAVU,Victoria
www.kwkt.com,KWKT,Waco
www.kwtx.com,KWTX,Waco
www.kxxv.com,KXXV,Waco
www.krgv.com,KRGV,Weslaco
www.kbyutv.org,KBYU,Provo
www.wcax.com,WCAX,Burlington
www.vpt.org,WETK,Burlington
www.wcyb.com,WCYB,Bristol
www.newsplex.com,WCAV,Charlottesville
www.ideastations.org,WCVE,Richmond
www.nbc29.com,WVIR,Charlottesville
www.whsv.com,WHSV,Harrisonburg
www.wvpt.net,WVPT,Harrisonburg
www.wset.com,WSET,Lynchburg
martinsvillemedia.com,WYAT,Martinsville
www.whro.org,WHRO,Norfolk
wtkr.com,WTKR,Norfolk
www.wvec.com,WVEC,Norfolk
www.wavy.com,WAVY,Portsmouth
www.wric.com,WRIC,Richmond
www.foxrichmond.com,WRLH,Richmond
wtvr.com,WTVR,Richmond
www.nbc12.com,WWBT,Richmond
www.wdbj7.com,WDBJ,Roanoke
www.fox2127.com,WFXR,Roanoke
www.wsls.com,WSLS,Roanoke
metvnetwork.com,KVOS,Bellingham
www.nbcrightnow.com,KNDO,Yakima
www.kvewtv.com,KVEW,Kennewick
www.keprtv.com,KEPR,Pasco
kcts9.org,KCTS,Seattle
www.king5.com,KING,Seattle
www.kirotv.com,KIRO,Seattle
www.komonews.com,KOMO,Seattle
www.khq.com,KHQ,Spokane
www.krem.com,KREM,Spokane
www.ksps.org,KSPS,Spokane
www.kxly.com,KXLY,Spokane
q13fox.com,KCPQ,Tacoma
cwseattle.cbslocal.com,KSTW,Tacoma
www.kapptv.com,KAPP,Yakima
www.kimatv.com,KIMA,Yakima
www.wvnstv.com,WVNS,Bluefield
www.wvva.com,WVVA,Bluefield
www.wdtv.com,WDTV,Bridgeport
www.wchstv.com,WCHS,Charleston
www.wvah.com,WVAH,Charleston
www.wboy.com,WBOY,Clarksburg
www.wowktv.com,WOWK,Huntington
www.wsaz.com,WSAZ,Huntington
www.thenewscenter.tv,WTAP,Parkersburg
www.wtrf.com,WTRF,Wheeling
wpt.org,WHA,Madison
www.madisonscw.com,WBUW,Madison
www.channel3000.com,WISC,Madison
www.wkow.com,WKOW,Madison
www.fox47.com,WMSN,Madison
www.nbc15.com,WMTV,Madison
www.wpt.org,WHRM,Wausau
www.cbs58.com,WDJT,Milwaukee
www.wisn.com,WISN,Milwaukee
fox6now.com,WITI,Milwaukee
www.mptv.org,WMVT,Milwaukee
www.todaystmj4.com,WTMJ,Milwaukee
www.cw18milwaukee.com,WVTV,Milwaukee
www.wjfw.com,WJFW,Rhinelander
www.waow.com,WAOW,Wausau
www.wsaw.com,WSAW,Wausau
www.kcwy13.com,KCWY,Casper
www.k2tv.com,KTWO,Casper
www.kgwn.tv,KGWN,Cheyenne
wyomingpbs.org,KCWC,Riverton
