replaceme,Contact,-1,andme
replaceme,Cotact Us,-1,andme
replaceme,About,-1,andme
replaceme,About Us,-1,andme
replaceme,Register,-1,andme
replaceme,Sign In,-1,andme
replaceme,Sign-In,-1,andme
replaceme,Place an Ad,-1,andme
replaceme,twitter,-1,andme
replaceme,Sign Up,-1,andme
replaceme,Sign-Up,-1,andme
replaceme,Jobs,-1,andme
replaceme,Terms of Service,-1,andme
replaceme,Privacy Policy,-1,andme
replaceme,Advertise,-1,andme
replaceme,Staff Bios,-1,andme
replaceme,Subscribe,-1,andme
replaceme,A&E,1,andme
replaceme,Adventure,1,andme
replaceme,Arts,1,andme
replaceme,Arts & Culture,1,andme
replaceme,Arts & Entertainment,1,andme
replaceme,Arts And Culture,1,andme
replaceme,Arts And Entertainment,1,andme
replaceme,At Home,1,andme
replaceme,Auto,1,andme
replaceme,Auto,1,andme
replaceme,Auto Reviews,1,andme
replaceme,Best of,1,andme
replaceme,Biology,1,andme
replaceme,Blog,1,andme
replaceme,Blogs,1,andme
replaceme,Books,1,andme
replaceme,Business,1,andme
replaceme,Business Schools,1,andme
replaceme,Calendar,1,andme
replaceme,Capital,1,andme
replaceme,Chemistry,1,andme
replaceme,City & Region,1,andme
replaceme,City And Region,1,andme
replaceme,Columnists,1,andme
replaceme,Comedy,1,andme
replaceme,Commentary,1,andme
replaceme,Communities,1,andme
replaceme,Community,1,andme
replaceme,Community Calendar,1,andme
replaceme,Companies & Industries,1,andme
replaceme,Companies and Industries,1,andme
replaceme,Contests,1,andme
replaceme,Contests/Promotions,1,andme
replaceme,Country Morning,1,andme
replaceme,Culture,1,andme
replaceme,Culture,1,andme
replaceme,Deaths,1,andme
replaceme,Design,1,andme
replaceme,Earth,1,andme
replaceme,EatPlayLive,1,andme
replaceme,Eats,1,andme
replaceme,Education,1,andme
replaceme,Elections,1,andme
replaceme,Energy/Environment,1,andme
replaceme,Entertainment,1,andme
replaceme,Entertainment/Life,1,andme
replaceme,Events,1,andme
replaceme,Family Matters,1,andme
replaceme,Fashion,1,andme
replaceme,Fashion & Style,1,andme
replaceme,Fashion And Style,1,andme
replaceme,Features,1,andme
replaceme,Film,1,andme
replaceme,Food & Drink,1,andme
replaceme,Food & Fun,1,andme
replaceme,Food And Drink,1,andme
replaceme,Food And Fun,1,andme
replaceme,Food+Drink,1,andme
replaceme,Future,1,andme
replaceme,Global Economics,1,andme
replaceme,Gusto,1,andme
replaceme,Health,1,andme
replaceme,Healthwise,1,andme
replaceme,Healthy Living,1,andme
replaceme,Home,3,andme
replaceme,Innovation,1,andme
replaceme,Innovation & Design,1,andme
replaceme,Innovation And Design,1,andme
replaceme,Investigations,1,andme
replaceme,Investigative,1,andme
replaceme,Issues,1,andme
replaceme,Justice,1,andme
replaceme,Life,1,andme
replaceme,Life & Arts,1,andme
replaceme,Life & Culture,1,andme
replaceme,Life And Arts,1,andme
replaceme,Lifestyle,1,andme
replaceme,Lifestyles,1,andme
replaceme,Living,1,andme
replaceme,Local,1,andme
replaceme,Local News,1,andme
replaceme,Market Data,1,andme
replaceme,Marketplace,1,andme
replaceme,Markets,1,andme
replaceme,Markets & Finance,1,andme
replaceme,Markets And Finance,1,andme
replaceme,Media,1,andme
replaceme,Money,1,andme
replaceme,Morning,1,andme
replaceme,Movies,1,andme
replaceme,MultiMedia,1,andme
replaceme,Music,1,andme
replaceme,Nation Now,1,andme
replaceme,Neighborhoods,1,andme
replaceme,News,3,andme
replaceme,News Headlines,1,andme
replaceme,News+Features,1,andme
replaceme,Obits,1,andme
replaceme,Obituaries,1,andme
replaceme,On-Air,1,andme
replaceme,Opinion,1,andme
replaceme,Opinions,1,andme
replaceme,Our Towns,1,andme
replaceme,Outdoors,1,andme
replaceme,Perspectives,1,andme
replaceme,Photo,1,andme
replaceme,Photos,1,andme
replaceme,Photos/Video,1,andme
replaceme,Physics,1,andme
replaceme,Places,1,andme
replaceme,Politics,1,andme
replaceme,Politics & Policy,1,andme
replaceme,Politics and Policy,1,andme
replaceme,Promotions,1,andme
replaceme,Real Estate,1,andme
replaceme,Religion,1,andme
replaceme,Restaurants,1,andme
replaceme,Scene,1,andme
replaceme,Science,1,andme
replaceme,Screen,1,andme
replaceme,Society,1,andme
replaceme,Space,1,andme
replaceme,Special Reports,1,andme
replaceme,Sports,1,andme
replaceme,Stage,1,andme
replaceme,State,1,andme
replaceme,Style,1,andme
replaceme,Sunrise,1,andme
replaceme,T.V.,1,andme
replaceme,Tech,1,andme
replaceme,Tech/Biz,1,andme
replaceme,Technology,1,andme
replaceme,Things To Do,1,andme
replaceme,Today,1,andme
replaceme,Traffic,1,andme
replaceme,Travel,1,andme
replaceme,Trends,1,andme
replaceme,TV,1,andme
replaceme,TV & Video,1,andme
replaceme,TV And Video,1,andme
replaceme,U.S.,1,andme
replaceme,U.S./World,1,andme
replaceme,U.S.A,1,andme
replaceme,USA,1,andme
replaceme,Video,1,andme
replaceme,Video & Multimedia,1,andme
replaceme,Video and Multimedia,1,andme
replaceme,Video/Pics,1,andme
replaceme,Views,1,andme
replaceme,Voices,1,andme
replaceme,Weather,1,andme
replaceme,Weekend,1,andme
replaceme,Weird,1,andme
replaceme,World,1,andme
replaceme,Worldpost,1,andme
