Sports,83
News,80
Home,68
Weather,50
Business,48
Entertainment,42
Opinion,40
Health,30
Video,28
Politics,19
Obituaries,19
World,18
Contests,18
Community,17
Tech,17
Blogs,15
Lifestyle,15
Traffic,15
Features,14
Jobs,12
Photos,12
Life,12
"Real Estate",11
Travel,11
Media,10
Classifieds,10
"About Us",10
Education,9
Living,9
Local,8
Marketplace,8
Science,8
Events,8
Technology,7
Money,7
U.S.,7
More,7
Auto,6
NEWS,6
Calendar,6
Cars,5
Lifestyles,5
Programming,5
Mobile,5
Videos,5
Communities,5
HOME,5
Food,5
Culture,5
SPORTS,5
Homes,5
VIDEO,5
Subscribe,4
Search,4
About,4
Deals,4
Arts,4
Environment,4
Autos,4
Markets,4
Station,4
Slideshows,4
Crime,4
A&E,4
LIFESTYLE,4
"Contact Us",4
Sport,4
WEATHER,4
"Local News",3
Columnists,3
TV,3
"Nation Now",3
"White Papers",3
Security,3
"Social Media",3
"Latest News",3
Screen,3
RSS,3
"Local Deals",3
"Politics & Policy",3
Innovation,3
Comment,3
Shop,3
Style,3
"On TV",3
"In The Loop",3
Obits,3
Finance,3
Trends,3
"Video Landing Page",3
Services,3
Music,3
Games,2
"Storage Management",2
Store,2
LIFE,2
MUSIC,2
HEALTH,2
"Online Features",2
"News Headlines",2
Space,2
Economy,2
Scores,2
"High School Sports",2
Multimedia,2
"Press Releases",2
"Arts & Culture",2
"This Week",2
Today,2
"Country Morning Today",2
All-Time,2
"New York",2
Research,2
LOCAL,2
Neighborhoods,2
Contact,2
Archives,2
Extras,2
Promo,2
On-Air,2
Luxury,2
US,2
Radio,2
Investing,2
Opinions,2
"Things To Do",2
MOBILE,2
Kentucky,2
Login,2
Energy,2
Closings,2
UK,2
Rentals,2
"Life & Arts",2
Olympics,2
"Community News",2
"Station Info",2
Investigations,2
home,2
news,2
People,2
"Personal Finance",2
"Market Data",2
Design,2
Management,2
Weird,2
"FRONT PAGE",2
SciTech,2
Fashion,2
"Tech Culture",2
Microsoft,2
Photo,2
Apple,2
"Politics & Law",2
"7Cheney rips military cuts",1
"Place Ad",1
!Home,1
"10Biden (almost) makes major announcement",1
"6Size of military questioned in new budget

Watch",1
"12 ABOUT TOWN",1
"9Could Senate’s top GOPer get knocked off?

Watch",1
"Alerts & Newsletters",1
"ABOUT NBC12",1
Shop80412.com,1
"5He's sticking by Nugent",1
"Local Directory",1
"Weekly Circulars",1
"8Showdown over 'Bridgegate' subpoenas looms",1
"On Your Side",1
"News Tips + Upload",1
"3Koch group won't back up anti-Obamacare ad",1
"Gas Gauge",1
Morning,1
"Minnesota News",1
"1Pressure mounts on Arizona governor",1
Perspectives,1
"4Bobby Jindal jabs Obama at White House",1
73°,1
Subscriptions,1
"2Fracking hits home for Exxon CEO

Watch",1
"News by Region",1
MyFoxMarket.com,1
WBRCMD.com,1
"Family Matters",1
Woman,1
"News & Commentary",1
Authors,1
Appeals,1
Newsletter,1
Diary,1
Corrections,1
Reports,1
Interop,1
Infrastructure,1
Government,1
Healthcare,1
"Big Data",1
Cloud,1
"Strategic CIO",1
Software,1
Images,1
Outdoors,1
"Special Sections",1
Sunrise,1
"What's On",1
"More Classifieds",1
Legals,1
"Offers & Deals",1
"Place An Ad",1
"Photos & Video",1
"Connecting Adobe Photoshop to Edge Reflow",1
"HUFFPOST LIVE",1
"ALL SECTIONS",1
Comedy,1
"Healthy Living",1
"Learn CSS3 From A - Z: 3D Transformations",1
WorldPost,1
"Smart Cities",1
SAN,1
"Weather
        30°",1
"Alaska Native Culture",1
Spirit,1
KSDK,1
"Contests And Promotions",1
"Your News",1
"Great Day",1
"RSS Feed",1
"Deals & Contests",1
"First Person",1
KTVB,1
"Community Matters",1
"Capitol Watch",1
Hotlinks,1
"About KTVA",1
"Only on KTVA.com",1
Contests/Promotions,1
"Auto Matters",1
Technologies,1
"Tech Watch",1
Webcasts,1
"Test Center",1
"Disk Arrays and SSDs",1
NAS,1
"Backup and Recovery",1
"Deep Dives",1
"IT Downloads",1
"KBOI TV",1
Livestream,1
"Weather
        5°",1
KARE,1
Newsletters,1
Watchdog,1
"Member Center",1
RESTAURANTS,1
"Chuck Stokes Blog",1
Specials,1
"Navitron Featured",1
National,1
PostTV,1
Recipes,1
"About WAFB",1
DWYM,1
"Govt & Politics",1
"Staff Bios",1
"Easy Link",1
"This Just In...",1
"Your Town",1
"Feature Stories",1
"Watch WDAZ",1
Alerts,1
Contests/Bargains,1
Healthline,1
video,1
"All Access",1
Scene,1
Entertainment/Life,1
Diversions,1
Data,1
"Your Toronto",1
Weekend,1
Databases,1
Stocks,1
User,1
USATODAY,1
"Science & Health",1
"Top News",1
"Odd News",1
"National Headlines",1
"WNY News",1
Home/Family,1
Pets,1
"Beauty & Style",1
"Just Pay 1/2",1
"High School",1
"Pre-Owned Autos",1
"1/2 Off Cincy",1
VideoBytes,1
OnTV,1
Investigators,1
"Call For Action",1
"Seen on 7",1
US/World,1
State,1
"u local",1
"All News",1
ulocal,1
"ABOUT US",1
"National News",1
"Louisiana Sports",1
Movies,1
Magazine,1
Insider,1
"Weather
        19°",1
Gear,1
"Weird News",1
"News Links",1
"WHAT'S ON",1
CONSUMER,1
"Spotlight on the News",1
COMMUNITY,1
"Good Things",1
"AM Buffalo",1
"Life & style",1
Drive,1
"Online Marketing",1
CALENDAR,1
Editorials,1
Tools,1
"Special Reports",1
Visual,1
"A & E",1
ARTS,1
FILM,1
"Content Licensing",1
Advertise,1
Premium,1
Forex,1
CLASSIFIEDS,1
"BEST OF",1
PROMOTIONS,1
Impulse,1
Listings,1
POLITICS,1
LIFESTYLES,1
SHOWS,1
"Long Island",1
"Food and Fun",1
"Find It",1
"NBC15 Apps",1
"LIVE VIDEO",1
Dealbook,1
Food+Drink,1
Stage,1
Views,1
News+Features,1
How-To,1
MWC,1
Biology,1
Geology,1
Hernando,1
Florida,1
Nation/World,1
Pasco,1
Hillsborough,1
"Breaking news",1
Pinellas,1
Bizarre,1
"Special topics",1
"TECH TV",1
Women,1
SCIENCE,1
"FUTURE TECH",1
"PERSONAL TECH",1
"BIZ TECH",1
"Find & Save",1
"High Schools",1
"Bay Area & State",1
Nation,1
Green,1
Earth,1
Paleontology,1
Physics,1
Chemistry,1
"NBA Home",1
Schedule,1
Religion,1
e-Edition,1
"Salute to Excellence",1
"Your Health Matters",1
Standings,1
Scoreboard,1
Mornings,1
"Polycom Expands Microsoft Lync-Based Product Portfolio",1
"About CFO",1
"About 9&10 News",1
"Fox 32",1
Topics,1
Golf,1
"Call 4 Action",1
"Photo Galleries",1
"ABC15 Share",1
"Right This Minute",1
"ABC 33/40 Programming",1
"ABC 33/40 for Mobile Devices",1
"RSS Feeds",1
"Watch ABC",1
"The List",1
"Let's Ask America",1
"Mug Shots",1
"Marcellus Shale",1
TCTV,1
CrunchBase,1
PHOTOS,1
MORE,1
SOCCER,1
TENNIS,1
"New Orleans",1
Acadiana,1
"Photo Gallery",1
"Pittsburgh Eagle",1
"Media Kit",1
Help,1
Ascension,1
EatPlayLive,1
Photos/Video,1
"The News",1
ENTERTAINMENT,1
OPINION,1
MARKETPLACE,1
BUSINESS,1
ORIOLES,1
Galleries,1
Tech/Biz,1
SERVICES,1
"ALWAYS FREE:",1
HOMES,1
CARS,1
RENTALS,1
JOBS,1
"NEWSPAPER ADS",1
"SPECIAL SECTIONS",1
"Green Cars",1
"Auto Reviews",1
Voices,1
Adventure,1
"Quick Read",1
"AFP News",1
"The Agency",1
Products,1
"Arctic NewsWire",1
"News & Politics",1
"Food & Drink",1
"Auto News",1
Visions,1
Activism,1
Rights,1
"Media & Culture",1
NHL,1
GOLF,1
"Sports Passport",1
"Sports Calendar",1
Arcade,1
Wildlife,1
Water,1
Transport,1
Waste,1
"AM Show",1
"My Neighborhood",1
Dutchess,1
Westchester,1
E-mail,1
"Games, Puzzles",1
CarSoup,1
Team,1
Toxics,1
Sci/Tech,1
"HealthDay en Español",1
"Physician's Briefing",1
"Wellness Library",1
"HealthDay TV",1
Bakken,1
"Health Conditions",1
"License Our News",1
Air/Climate,1
"Land Use",1
Oceans,1
Gov/Politics,1
Campus,1
AmeriScan,1
"At Risk",1
Putnam,1
Schools,1
Groups,1
Answers,1
Mail,1
PotD,1
Family,1
Rams,1
Flickr,1
NFL,1
NBA,1
NCAAB,1
MLB,1
OLYMPICS,1
"THE MMQB",1
NCAAF,1
Pictures,1
Breakingviews,1
Youth,1
Metro,1
Links,1
"KSTC 45TV",1
Interactive,1
"KSTP TV5",1
"Page Six",1
"Your Money",1
Places,1
Circulars,1
"Best of",1
Audio,1
"Life & Culture",1
N.Y.,1
"HOME DELIVERY",1
Industries,1
"Red Carpet",1
How-Tos,1
"Buying Guides",1
"E! Shows",1
"TV Scoop",1
"Storage Networking",1
All,1
Resources,1
CLOUD,1
Exist,1
Create,1
INNOVATION,1
"ENTERPRISE APPS",1
SECURITY,1
STORAGE,1
Hardware,1
"Backup & Recovery",1
"Business Intelligence",1
"Data/Business Management",1
ERP,1
CRM,1
SMB,1
"Account Management",1
"Call Centers",1
Marketing,1
Manufacturing,1
"Wi-Fi or 4G? What Does #GenMobile Prefer?",1
Retail,1
Reviews,1
"Supply Chain Management",1
"Management Software",1
Labs,1
India,1
sports,1
entertainment,1
contests,1
weather,1
Programs,1
"Watch Fox TV shows",1
Register,1
community,1
"station info",1
"63 comments",1
"All 18 Updates",1
"81 comments",1
Lex,1
Companies,1
"Global Economy",1
"Fox 26  Forum",1
"Community Calendar",1
Entrepreneurs,1
Op/Ed,1
Forbes,1
Mumbai,1
Bollywood,1
Delhi,1
Leadership,1
Lists,1
"About FOX19",1
"Local Web Cams",1
"Home Pros",1
"HealthWise - main",1
"FOX19 Morning News",1
"FOX19 Sports",1
"Enterprise IT",1
E-Commerce,1
"Markets & Finance",1
"Innovation & Design",1
"Business Schools",1
"Companies & Industries",1
"Global Economics",1
Gusto,1
Deaths,1
"Small Business",1
"Video & Multimedia",1
"Election 2013",1
"Chronicle Investigates",1
"Houston & Texas",1
"St. Mary's",1
MoneyWatch,1
"At Home",1
"City & Region",1
"Grub + Pub",1
Quick,1
Sustainability,1
More…,1
Future,1
Intelligence,1
Capital,1
Feature,1
Rec,1
"Buffalo Events",1
"Arts + Entertainment",1
"Local Search",1
"Things to Do",1
"City Guides",1
"Today's Globe",1
"Staff Blogs",1
"Reader Blogs",1
"BMC, Driving IT Change, Must Drive by Example",1
"The Software Defined Data Center Emerges (Slowly)",1
"HP: PC Market Contraction is Slowing",1
"Business Directory",1
Magazines,1
Businesses,1
"VMware Snaps up AirWatch for $1.5B",1
"2014: The Year of Free Hardware",1
Pollution,1
"Going Green",1
Nature,1
Conservation,1
blog,1
Climate,1
Shopping,1
"Home Buying",1
Justice,1
iReport,1
"CNN Trends",1
"TV & Video",1
"Opinions & Editorials",1
"La Voz (Español)",1
USA,1
Commentary,1
Credit,1
Debt,1
"Consumer Ally",1
"Spending Main",1
Energy/Environment,1
Books,1
Marquee,1
