New York,New York
Los Angeles,Los Angeles
Chicago,Chicago
Houston,Houston
Philadelphia,Philadelphia
Phoenix,Phoenix
San Antonio,San Antonio
San Diego,San Diego
Dallas,Dallas
San Jose,San Jose
Austin,Austin
Jacksonville,Jacksonville
Indianapolis,Indianapolis
San Francisco,San Francisco
Columbus,Columbus
Fort Worth,Fort Worth
Charlotte,Charlotte
Detroit,Detroit
El Paso,El Paso
Memphis,Memphis
Boston,Boston
Seattle,Seattle
Denver,Denver
Washington,Washington
Nashville,Nashville
Baltimore,Baltimore
Louisville,Louisville
Portland,Portland
Oklahoma City,Oklahoma City
Milwaukee,Milwaukee
Las Vegas,Las Vegas
Albuquerque,Albuquerque
Tucson,Tucson
Fresno,Fresno
Sacramento,Sacramento
Long Beach,Long Beach
Kansas City,Kansas City
Mesa,Mesa
Virginia Beach,Virginia Beach
Atlanta,Atlanta
Colorado Springs,Colorado Springs
Raleigh,Raleigh
Omaha,Omaha
Miami,Miami
Oakland,Oakland
Tulsa,Tulsa
Minneapolis,Minneapolis
Cleveland,Cleveland
Wichita,Wichita
Arlington,Arlington
New Orleans,New Orleans
Bakersfield,Bakersfield
Tampa,Tampa
Honolulu,Honolulu
Anaheim,Anaheim
Aurora,Aurora
Santa Ana,Santa Ana
St. Louis,St. Louis
Riverside,Riverside
Corpus Christi,Corpus Christi
Pittsburgh,Pittsburgh
Lexington,Lexington
Anchorage,Anchorage
Stockton,Stockton
Cincinnati,Cincinnati
Saint Paul,Saint Paul
Toledo,Toledo
Newark,Newark
Greensboro,Greensboro
Plano,Plano
Henderson,Henderson
Lincoln,Lincoln
Buffalo,Buffalo
Fort Wayne,Fort Wayne
Jersey City,Jersey City
Chula Vista,Chula Vista
Orlando,Orlando
St. Petersburg,St. Petersburg
Norfolk,Norfolk
Chandler,Chandler
Laredo,Laredo
Madison,Madison
Durham,Durham
Lubbock,Lubbock
Winston–Salem,Winston–Salem
Garland,Garland
Glendale,Glendale
Hialeah,Hialeah
Reno,Reno
Baton Rouge,Baton Rouge
Irvine,Irvine
Chesapeake,Chesapeake
Irving,Irving
Scottsdale,Scottsdale
North Las Vegas,North Las Vegas
Fremont,Fremont
Gilbert,Gilbert
San Bernardino,San Bernardino
Boise,Boise
Birmingham,Birmingham
Rochester,Rochester
Richmond,Richmond
Spokane,Spokane
Des Moines,Des Moines
Montgomery,Montgomery
Modesto,Modesto
Fayetteville,Fayetteville
Tacoma,Tacoma
Shreveport,Shreveport
Fontana,Fontana
Oxnard,Oxnard
Aurora,Aurora
Moreno Valley,Moreno Valley
Akron,Akron
Yonkers,Yonkers
Columbus,Columbus
Augusta,Augusta
Little Rock,Little Rock
Amarillo,Amarillo
Mobile,Mobile
Huntington Beach,Huntington Beach
Glendale,Glendale
Grand Rapids,Grand Rapids
Salt Lake City,Salt Lake City
Tallahassee,Tallahassee
Huntsville,Huntsville
Worcester,Worcester
Knoxville,Knoxville
Grand Prairie,Grand Prairie
Newport News,Newport News
Brownsville,Brownsville
Santa Clarita,Santa Clarita
Overland Park,Overland Park
Providence,Providence
Jackson,Jackson
Garden Grove,Garden Grove
Oceanside,Oceanside
Chattanooga,Chattanooga
Fort Lauderdale,Fort Lauderdale
Rancho Cucamonga,Rancho Cucamonga
Santa Rosa,Santa Rosa
Port St. Lucie,Port St. Lucie
Ontario,Ontario
Tempe,Tempe
Vancouver,Vancouver
Springfield,Springfield
Cape Coral,Cape Coral
Pembroke Pines,Pembroke Pines
Sioux Falls,Sioux Falls
Peoria,Peoria
Lancaster,Lancaster
Elk Grove,Elk Grove
Corona,Corona
Eugene,Eugene
Salem,Salem
Palmdale,Palmdale
Salinas,Salinas
Springfield,Springfield
Pasadena,Pasadena
Rockford,Rockford
Pomona,Pomona
Hayward,Hayward
Fort Collins,Fort Collins
Joliet,Joliet
Escondido,Escondido
Kansas City,Kansas City
Torrance,Torrance
Bridgeport,Bridgeport
Alexandria,Alexandria
Sunnyvale,Sunnyvale
Cary,Cary
Lakewood,Lakewood
Hollywood,Hollywood
Paterson,Paterson
Syracuse,Syracuse
Naperville,Naperville
McKinney,McKinney
Mesquite,Mesquite
Clarksville,Clarksville
Savannah,Savannah
Dayton,Dayton
Orange,Orange
Fullerton,Fullerton
Pasadena,Pasadena
Hampton,Hampton
McAllen,McAllen
Killeen,Killeen
Warren,Warren
West Valley City,West Valley City
Columbia,Columbia
New Haven,New Haven
Sterling Heights,Sterling Heights
Olathe,Olathe
Miramar,Miramar
Thousand Oaks,Thousand Oaks
Frisco,Frisco
Cedar Rapids,Cedar Rapids
Topeka,Topeka
Visalia,Visalia
Waco,Waco
Elizabeth,Elizabeth
Bellevue,Bellevue
Gainesville,Gainesville
Simi Valley,Simi Valley
Charleston,Charleston
Carrollton,Carrollton
Coral Springs,Coral Springs
Stamford,Stamford
Hartford,Hartford
Concord,Concord
Roseville,Roseville
Thornton,Thornton
Kent,Kent
Lafayette,Lafayette
Surprise,Surprise
Denton,Denton
Victorville,Victorville
Evansville,Evansville
Midland,Midland
Santa Clara,Santa Clara
Athens,Athens
Allentown,Allentown
Abilene,Abilene
Beaumont,Beaumont
Vallejo,Vallejo
Independence,Independence
Springfield,Springfield
Ann Arbor,Ann Arbor
Provo,Provo
Peoria,Peoria
Norman,Norman
Berkeley,Berkeley
El Monte,El Monte
Murfreesboro,Murfreesboro
Lansing,Lansing
Columbia,Columbia
Downey,Downey
Costa Mesa,Costa Mesa
Inglewood,Inglewood
Miami Gardens,Miami Gardens
Manchester,Manchester
Elgin,Elgin
Wilmington,Wilmington
Waterbury,Waterbury
Fargo,Fargo
Arvada,Arvada
Carlsbad,Carlsbad
Westminster,Westminster
Rochester,Rochester
Gresham,Gresham
Clearwater,Clearwater
Lowell,Lowell
West Jordan,West Jordan
Pueblo,Pueblo
San Buenaventura,San Buenaventura
Fairfield,Fairfield
West Covina,West Covina
Billings,Billings
Murrieta,Murrieta
High Point,High Point
Round Rock,Round Rock
Richmond,Richmond
Cambridge,Cambridge
Norwalk,Norwalk
Odessa,Odessa
Antioch,Antioch
Temecula,Temecula
Green Bay,Green Bay
Everett,Everett
Wichita Falls,Wichita Falls
Burbank,Burbank
Palm Bay,Palm Bay
Centennial,Centennial
Daly City,Daly City
Richardson,Richardson
Pompano Beach,Pompano Beach
Broken Arrow,Broken Arrow
North Charleston,North Charleston
West Palm Beach,West Palm Beach
Boulder,Boulder
Rialto,Rialto
Santa Maria,Santa Maria
El Cajon,El Cajon
Davenport,Davenport
Erie,Erie
Las Cruces,Las Cruces
South Bend,South Bend
Flint,Flint
Kenosha,Kenosha
